product_id,product_name,category,cost,price,current_stock,safety_stock_level,stock_buffer_ratio,warehouse_zone,units_sold,txn_count,revenue,cogs,margin,margin_pct,revenue_rank,revenue_share_pct,cumulative_revenue_pct,abc_class,abc_class_label,inventory_value,opening_stock_est,average_inventory_value,inventory_turnover_ratio,inventory_turnover_ratio_annualized,avg_daily_demand,days_of_supply,daily_demand_mean,daily_demand_sigma,daily_demand_peak,active_sales_days,demand_cv,recommended_safety_stock,safety_stock_gap,safety_stock_cover_days,safety_stock_risk,demand_signal_quality,assumed_lead_time_days,service_level_z,forecast_next_7d,forecast_next_7d_low,forecast_next_7d_high,demand_cover_shortfall,unsellable_units,lost_margin_estimate,lost_revenue_estimate,trapped_capital,net_exposure,is_dead_stock,is_stockout_risk,alert_flags,alert_severity,reorder_quantity,reorder_value,recommended_action
SKU-010,Atlas WiFi Router At-1070,Electronics,518.32,788.49,66,106,0.62,Zone-D,237,66,186872.12999999998,122841.84000000008,64030.29,34.26,7,4.7527,67.1482,A,A - High Value,34209.12,303,95630.04,1.285,5.21,2.633,25.1,4.938,5.673,28,48,1.149,42.9,,8.7,Censored,Censored,21,1.65,34.6,9.8,59.3,50.707,50.7,13697.62,39976.44,0.0,13697.62,0,1,Stockout Risk,HIGH,146,75674.72,Raise purchase order now
SKU-006,Prime Keyboard Pr-1042,Electronics,422.85,502.92,48,62,0.77,Zone-A,322,108,161940.24000000002,136157.7000000001,25782.54,15.92,8,4.1186,71.9009,A,A - High Value,20296.8,370,88375.65,1.541,6.25,3.578,13.4,5.031,5.344,28,64,1.062,40.4,,8.0,Censored,Censored,21,1.65,35.2,11.9,58.5,0.0,0.0,0.0,0.0,0.0,0.0,0,1,Stockout Risk,HIGH,76,32136.6,Raise purchase order now
SKU-013,Vertex Denim Jacket Ve-1091,Apparel,136.42,207.55,75,97,0.77,Zone-D,148,56,30717.399999999987,20190.159999999996,10527.24,34.27,17,0.7812,89.3875,B,B - Medium Value,10231.5,223,20326.58,0.993,4.03,1.644,45.6,3.7,3.092,12,40,0.836,23.4,,6.3,Censored,Censored,21,1.65,25.9,12.4,39.4,62.476,62.5,4445.63,12971.88,0.0,4445.63,0,1,Stockout Risk,HIGH,119,16233.98,Raise purchase order now
SKU-018,Prime Chino Trousers Pr-1126,Apparel,107.29,231.77,39,54,0.72,Zone-B,127,50,29434.79000000002,13625.830000000013,15808.96,53.71,18,0.7486,90.1687,B,B - Medium Value,4184.31,166,10997.23,1.239,5.02,1.411,27.6,3.175,2.587,12,40,0.815,19.6,,6.2,Censored,Censored,21,1.65,22.2,10.9,33.5,24.369,24.4,3037.31,5655.19,0.0,3037.31,0,1,Stockout Risk,HIGH,69,7403.01,Raise purchase order now
SKU-014,Nimbus Hoodie Ni-1098,Apparel,126.16,240.75,45,45,1.0,Zone-C,121,46,29130.75,15265.359999999993,13865.39,47.6,19,0.7409,90.9173,B,B - Medium Value,5677.2,166,13309.88,1.147,4.65,1.344,33.5,3.781,4.581,21,32,1.212,34.6,,9.2,Censored,Censored,21,1.65,26.5,6.5,46.5,16.776,16.8,1925.11,4044.6,0.0,1925.11,0,1,Stockout Risk,HIGH,45,5677.2,Raise purchase order now
SKU-046,Atlas Area Rug At-1322,Home,145.41,298.76,346,44,7.86,Zone-D,0,0,0.0,0.0,0.0,,56,0.0,100.0,C,C - Low Value,50311.86,346,50311.86,0.0,0.0,0.0,,0.0,0.0,0,0,,0.0,-44.0,,No Demand,No Demand,21,1.65,0.0,0.0,0.0,44.0,0.0,0.0,0.0,50311.86,50311.86,1,0,Dead Stock,MEDIUM,0,0.0,Liquidate / relocate stock
SKU-051,Zenith Brake Pad Ze-1357,Automotive,44.27,61.64,265,38,6.97,Cold-Chain,0,0,0.0,0.0,0.0,,57,0.0,100.0,C,C - Low Value,11731.55,265,11731.55,0.0,0.0,0.0,,0.0,0.0,0,0,,0.0,-38.0,,No Demand,No Demand,21,1.65,0.0,0.0,0.0,38.0,0.0,0.0,0.0,11731.55,11731.55,1,0,Dead Stock,MEDIUM,0,0.0,Liquidate / relocate stock
SKU-053,Cascade Air Filter Ca-1371,Automotive,45.4,78.27,638,98,6.51,Zone-B,0,0,0.0,0.0,0.0,,58,0.0,100.0,C,C - Low Value,28965.2,638,28965.2,0.0,0.0,0.0,,0.0,0.0,0,0,,0.0,-98.0,,No Demand,No Demand,21,1.65,0.0,0.0,0.0,98.0,0.0,0.0,0.0,28965.2,28965.2,1,0,Dead Stock,MEDIUM,0,0.0,Liquidate / relocate stock
SKU-059,Fusion Radiator Coolant Fu-1413,Automotive,32.54,49.54,619,74,8.36,Zone-C,0,0,0.0,0.0,0.0,,59,0.0,100.0,C,C - Low Value,20142.26,619,20142.26,0.0,0.0,0.0,,0.0,0.0,0,0,,0.0,-74.0,,No Demand,No Demand,21,1.65,0.0,0.0,0.0,74.0,0.0,0.0,0.0,20142.26,20142.26,1,0,Dead Stock,MEDIUM,0,0.0,Liquidate / relocate stock
SKU-060,Aurora Spark Plug Au-1420,Automotive,153.05,234.26,659,134,4.92,Cold-Chain,0,0,0.0,0.0,0.0,,60,0.0,100.0,C,C - Low Value,100859.95,659,100859.95,0.0,0.0,0.0,,0.0,0.0,0,0,,0.0,-134.0,,No Demand,No Demand,21,1.65,0.0,0.0,0.0,134.0,0.0,0.0,0.0,100859.95,100859.95,1,0,Dead Stock,MEDIUM,0,0.0,Liquidate / relocate stock
SKU-004,Orion Monitor Or-1028,Electronics,1242.29,1658.7,360,85,4.24,Cold-Chain,522,158,865841.3999999987,648475.3799999997,217366.02,25.1,1,22.0209,0.0,A,A - High Value,447224.41,882,771462.11,0.841,3.41,5.8,62.1,7.25,6.22,27,72,0.858,47.0,-38.0,6.5,Over-Buffered,Observed,21,1.65,50.8,23.6,77.9,0.0,0.0,0.0,0.0,0.0,0.0,0,0,,OK,0,0.0,No action required
SKU-001,Vertex Laptop Ve-1007,Electronics,387.34,556.08,152,33,4.61,Zone-C,1345,404,747927.5999999981,520972.30000000144,226955.3,30.34,2,19.022,22.0209,A,A - High Value,58875.68,1497,319361.83,1.631,6.61,14.944,10.2,15.112,9.704,48,89,0.642,73.4,40.4,4.9,Under-Buffered,Observed,21,1.65,105.8,63.4,148.1,0.0,0.0,0.0,0.0,0.0,0.0,0,0,,OK,0,0.0,No action required
SKU-008,Terra Webcam Te-1056,Electronics,1063.07,1531.71,651,109,5.97,Zone-D,210,70,321659.1,223244.70000000024,98414.4,30.6,3,8.1807,41.0429,A,A - High Value,692058.54,861,803680.88,0.278,1.13,2.333,279.0,4.286,4.106,18,49,0.958,31.0,-78.0,7.2,Over-Buffered,Observed,21,1.65,30.0,12.1,47.9,60.007,0.0,0.0,0.0,0.0,0.0,0,0,,OK,0,0.0,No action required
SKU-002,Nimbus Smartphone Ni-1014,Electronics,337.66,475.29,643,114,5.64,Cold-Chain,522,169,248101.38000000018,176258.52000000043,71842.86,28.96,4,6.3099,49.2236,A,A - High Value,217115.38,1165,305244.64,0.577,2.34,5.8,110.9,7.25,5.842,24,72,0.806,44.2,-69.8,6.1,Over-Buffered,Observed,21,1.65,50.8,25.2,76.3,0.0,0.0,0.0,0.0,0.0,0.0,0,0,,OK,0,0.0,No action required
SKU-009,Quantum Bluetooth Speaker Qu-1063,Electronics,874.34,1345.08,739,170,4.35,Zone-C,174,70,234043.91999999993,152135.15999999983,81908.76,35.0,5,5.9524,55.5336,A,A - High Value,646137.28,913,722204.86,0.211,0.86,1.933,382.3,3.702,2.982,12,47,0.806,22.5,-147.5,6.1,Over-Buffered,Observed,21,1.65,25.9,12.9,38.9,129.40699999999998,0.0,0.0,0.0,0.0,0.0,0,0,,OK,0,0.0,No action required
SKU-003,Zenith Tablet Ze-1021,Electronics,357.06,473.69,431,82,5.26,Zone-D,470,162,222634.3000000003,167818.19999999975,54816.1,24.62,6,5.6622,61.486,A,A - High Value,153892.86,901,237801.96,0.706,2.86,5.222,82.5,6.62,4.86,22,71,0.734,36.7,-45.3,5.5,Over-Buffered,Observed,21,1.65,46.3,25.1,67.6,0.0,0.0,0.0,0.0,0.0,0.0,0,0,,OK,0,0.0,No action required
SKU-012,Aurora Power Bank Au-1084,Electronics,696.38,839.99,253,53,4.77,Zone-B,189,54,158758.11,131615.81999999998,27142.29,17.1,9,4.0377,76.0195,A,A - High Value,176184.14,442,241992.05,0.544,2.21,2.1,120.5,4.5,4.066,17,42,0.904,30.7,-22.3,6.8,Over-Buffered,Observed,21,1.65,31.5,13.7,49.3,8.899999999999999,0.0,0.0,0.0,0.0,0.0,0,0,,OK,0,0.0,No action required
SKU-011,Fusion Portable SSD Fu-1077,Electronics,591.16,866.59,825,122,6.76,Zone-A,163,52,141254.16999999993,96359.08000000006,44895.09,31.78,10,3.5925,80.0572,B,B - Medium Value,487706.98,988,535886.52,0.18,0.73,1.811,455.5,4.075,3.85,16,40,0.945,29.1,-92.9,7.1,Over-Buffered,Observed,21,1.65,28.5,11.7,45.3,83.969,0.0,0.0,0.0,0.0,0.0,0,0,,OK,0,0.0,No action required
SKU-007,Lumen Wireless Mouse Lu-1049,Electronics,181.59,216.24,389,89,4.37,Zone-C,197,69,42599.280000000006,35773.22999999999,6826.05,16.02,11,1.0834,83.6497,B,B - Medium Value,70638.51,586,88525.12,0.404,1.64,2.189,177.7,4.02,3.455,14,49,0.859,26.1,-62.9,6.5,Over-Buffered,Observed,21,1.65,28.1,13.1,43.2,43.031,0.0,0.0,0.0,0.0,0.0,0,0,,OK,0,0.0,No action required
SKU-042,Prime Storage Box Pr-1294,Home,222.86,416.64,549,127,4.32,Zone-D,102,28,42497.27999999999,22731.72,19765.56,46.51,12,1.0808,84.7332,B,B - Medium Value,122350.14,651,133716.0,0.17,0.69,1.133,484.6,4.636,4.312,13,22,0.93,32.6,-94.4,7.0,Over-Buffered,Observed,21,1.65,32.5,13.6,51.3,103.207,0.0,0.0,0.0,0.0,0.0,0,0,,OK,0,0.0,No action required
SKU-017,Cascade Polo Shirt Ca-1119,Apparel,123.95,232.34,417,51,8.18,Zone-B,172,58,39962.47999999998,21319.40000000001,18643.08,46.65,13,1.0164,85.814,B,B - Medium Value,51687.15,589,62346.85,0.342,1.39,1.911,218.2,3.739,3.709,16,46,0.992,28.0,-23.0,7.5,Over-Buffered,Observed,21,1.65,26.2,10.0,42.4,10.869,0.0,0.0,0.0,0.0,0.0,0,0,,OK,0,0.0,No action required
SKU-039,Zenith Cookware Set Ze-1273,Home,267.42,455.95,783,136,5.76,Cold-Chain,80,26,36476.0,21393.599999999995,15082.4,41.35,14,0.9277,86.8304,B,B - Medium Value,209389.87,863,220086.67,0.097,0.39,0.889,880.8,3.636,3.484,12,22,0.958,26.3,-109.7,7.2,Over-Buffered,Observed,21,1.65,25.5,10.2,40.7,117.331,0.0,0.0,0.0,0.0,0.0,0,0,,OK,0,0.0,No action required
SKU-049,Vertex Car Tyre Ve-1343,Automotive,201.72,346.39,138,27,5.11,Zone-B,96,28,33253.439999999995,19365.120000000003,13888.32,41.77,15,0.8457,87.758,B,B - Medium Value,27837.36,234,37519.92,0.516,2.09,1.067,129.3,3.84,3.802,12,25,0.99,28.7,1.7,7.5,Aligned,Observed,21,1.65,26.9,10.3,43.5,4.593,0.0,0.0,0.0,0.0,0.0,0,0,,OK,0,0.0,No action required
SKU-048,Aurora Wall Art Au-1336,Home,318.04,466.89,716,99,7.23,Cold-Chain,66,11,30814.739999999998,20990.640000000003,9824.1,31.88,16,0.7837,88.6038,B,B - Medium Value,227716.65,782,238211.97,0.088,0.36,0.733,976.8,6.6,4.609,16,10,0.698,34.8,-64.2,5.3,Over-Buffered,Observed,21,1.65,46.2,26.1,66.3,83.607,0.0,0.0,0.0,0.0,0.0,0,0,,OK,0,0.0,No action required
SKU-005,Cascade Headphones Ca-1035,Electronics,99.59,145.09,262,59,4.44,Zone-B,197,73,28582.730000000014,19619.23000000001,8963.5,31.36,20,0.7269,91.6582,B,B - Medium Value,26092.58,459,35902.19,0.546,2.21,2.189,119.7,4.104,3.537,14,48,0.862,26.7,-32.3,6.5,Over-Buffered,Observed,21,1.65,28.7,13.3,44.2,13.030999999999999,0.0,0.0,0.0,0.0,0.0,0,0,,OK,0,0.0,No action required
SKU-043,Lumen Wall Clock Lu-1301,Home,298.84,615.34,786,150,5.24,Zone-C,42,18,25844.280000000002,12551.28,13293.0,51.43,21,0.6573,92.3852,B,B - Medium Value,234888.24,828,241163.88,0.052,0.21,0.467,1683.1,2.625,2.118,8,16,0.807,16.0,-134.0,6.1,Over-Buffered,Observed,21,1.65,18.4,9.1,27.6,140.193,0.0,0.0,0.0,0.0,0.0,0,0,,OK,0,0.0,No action required
SKU-038,Nimbus Desk Chair Ni-1266,Home,289.09,505.65,151,18,8.39,Zone-C,49,16,24776.85,14165.410000000002,10611.44,42.83,22,0.6301,93.0425,B,B - Medium Value,43652.59,200,50735.29,0.279,1.13,0.544,277.6,3.5,3.088,10,14,0.882,23.3,5.3,6.7,Aligned,Observed,21,1.65,24.5,11.0,38.0,6.575999999999999,0.0,0.0,0.0,0.0,0.0,0,0,,OK,0,0.0,No action required
SKU-022,Atlas Travel Wallet At-1154,Apparel,74.31,143.25,730,112,6.52,Zone-B,129,34,18479.25,9585.990000000002,8893.26,48.13,23,0.47,93.6726,B,B - Medium Value,54246.3,859,59039.29,0.162,0.66,1.433,509.4,5.16,4.163,17,25,0.807,31.5,-80.5,6.1,Over-Buffered,Observed,21,1.65,36.1,17.9,54.3,81.907,0.0,0.0,0.0,0.0,0.0,0,0,,OK,0,0.0,No action required
SKU-020,Terra Wool Scarf Te-1140,Apparel,100.29,179.66,78,18,4.33,Cold-Chain,97,29,17427.019999999997,9728.13,7698.89,44.18,24,0.4432,94.1426,B,B - Medium Value,7822.62,175,12686.69,0.767,3.11,1.078,72.4,4.409,3.664,15,22,0.831,27.7,9.7,6.3,Under-Buffered,Observed,21,1.65,30.9,14.9,46.9,0.0,0.0,0.0,0.0,0.0,0.0,0,0,,OK,0,0.0,No action required
SKU-021,Quantum Leather Belt Qu-1147,Apparel,112.88,212.01,756,173,4.37,Zone-B,79,26,16748.790000000005,8917.520000000002,7831.27,46.76,25,0.426,94.5858,B,B - Medium Value,85337.28,835,89796.04,0.099,0.4,0.878,861.0,3.16,2.781,12,25,0.88,21.0,-152.0,6.6,Over-Buffered,Observed,21,1.65,22.1,10.0,34.3,154.562,0.0,0.0,0.0,0.0,0.0,0,0,,OK,0,0.0,No action required
SKU-054,Prime Windshield Wiper Pr-1378,Automotive,152.23,246.26,709,111,6.39,Zone-B,66,13,16253.16,10047.179999999997,6205.98,38.18,26,0.4134,95.0118,C,C - Low Value,107931.07,775,112954.66,0.089,0.36,0.733,967.3,6.6,5.389,17,10,0.817,40.7,-70.3,6.2,Over-Buffered,Observed,21,1.65,46.2,22.7,69.7,95.607,0.0,0.0,0.0,0.0,0.0,0,0,,OK,0,0.0,No action required
SKU-023,Fusion Socks Pack Fu-1161,Apparel,73.22,139.92,363,51,7.12,Zone-C,112,37,15671.040000000003,8200.640000000001,7470.4,47.67,27,0.3986,95.4251,C,C - Low Value,26578.86,475,30679.18,0.267,1.08,1.244,291.8,3.733,3.316,12,30,0.888,25.1,-25.9,6.7,Over-Buffered,Observed,21,1.65,26.1,11.7,40.6,24.876,0.0,0.0,0.0,0.0,0.0,0,0,,OK,0,0.0,No action required
SKU-040,Orion Bed Sheet Or-1280,Home,287.57,425.45,521,90,5.79,Zone-A,36,15,15316.2,10352.519999999999,4963.68,32.41,28,0.3895,95.8237,C,C - Low Value,149823.97,557,155000.23,0.067,0.27,0.4,1302.5,2.4,2.245,10,15,0.935,17.0,-73.0,7.1,Over-Buffered,Observed,21,1.65,16.8,7.0,26.6,81.6,0.0,0.0,0.0,0.0,0.0,0,0,,OK,0,0.0,No action required
SKU-016,Orion Running Sneakers Or-1112,Apparel,79.51,138.17,789,181,4.36,Cold-Chain,108,31,14922.360000000004,8587.080000000004,6335.28,42.45,29,0.3795,96.2132,C,C - Low Value,62733.39,897,67026.93,0.128,0.52,1.2,657.5,4.154,3.494,10,26,0.841,26.4,-154.6,6.4,Over-Buffered,Observed,21,1.65,29.1,13.8,44.3,155.8,0.0,0.0,0.0,0.0,0.0,0,0,,OK,0,0.0,No action required
SKU-045,Quantum Photo Frame Qu-1315,Home,237.14,404.32,202,39,5.18,Cold-Chain,36,15,14555.52,8537.039999999999,6018.48,41.35,30,0.3702,96.5928,C,C - Low Value,47902.28,238,52170.8,0.164,0.67,0.4,505.0,2.571,1.545,6,14,0.601,11.7,-27.3,4.6,Over-Buffered,Observed,21,1.65,18.0,11.3,24.7,30.6,0.0,0.0,0.0,0.0,0.0,0,0,,OK,0,0.0,No action required
SKU-041,Cascade Window Curtain Ca-1287,Home,174.69,293.99,414,97,4.27,Zone-B,49,17,14405.509999999997,8559.81,5845.7,40.58,31,0.3664,96.9629,C,C - Low Value,72321.66,463,76601.57,0.112,0.45,0.544,761.0,3.267,2.323,8,15,0.711,17.6,-79.4,5.4,Over-Buffered,Observed,21,1.65,22.9,12.7,33.0,85.576,0.0,0.0,0.0,0.0,0.0,0,0,,OK,0,0.0,No action required
SKU-050,Nimbus Engine Oil Ni-1350,Automotive,195.77,322.65,529,65,8.14,Zone-C,39,12,12583.349999999999,7635.030000000002,4948.32,39.32,32,0.32,97.3293,C,C - Low Value,103562.33,568,107379.85,0.071,0.29,0.433,1221.7,3.545,3.086,12,11,0.871,23.3,-41.7,6.6,Over-Buffered,Observed,21,1.65,24.8,11.3,38.3,55.907,0.0,0.0,0.0,0.0,0.0,0,0,,OK,0,0.0,No action required
SKU-057,Quantum GPS Tracker Qu-1399,Automotive,122.98,196.65,362,72,5.03,Zone-C,62,17,12192.300000000001,7624.759999999998,4567.54,37.46,33,0.3101,97.6494,C,C - Low Value,44518.76,424,48331.14,0.158,0.64,0.689,525.4,3.647,3.067,12,17,0.841,23.2,-48.8,6.4,Over-Buffered,Observed,21,1.65,25.5,12.1,38.9,57.531,0.0,0.0,0.0,0.0,0.0,0,0,,OK,0,0.0,No action required
SKU-056,Terra Seat Cover Te-1392,Automotive,167.84,296.85,252,45,5.6,Cold-Chain,41,11,12170.850000000002,6881.4400000000005,5289.41,43.46,34,0.3095,97.9594,C,C - Low Value,42295.68,293,45736.4,0.15,0.61,0.456,552.6,3.727,3.278,10,11,0.88,24.8,-20.2,6.7,Over-Buffered,Observed,21,1.65,26.1,11.8,40.4,35.424,0.0,0.0,0.0,0.0,0.0,0,0,,OK,0,0.0,No action required
SKU-019,Lumen Baseball Cap Lu-1133,Apparel,79.49,115.39,96,11,8.73,Zone-B,84,27,9692.759999999998,6677.159999999996,3015.6,31.11,35,0.2465,98.269,C,C - Low Value,7631.04,180,10969.62,0.609,2.47,0.933,102.9,3.818,3.27,12,22,0.856,24.7,13.7,6.5,Under-Buffered,Observed,21,1.65,26.7,12.5,41.0,0.0,0.0,0.0,0.0,0.0,0.0,0,0,,OK,0,0.0,No action required
SKU-047,Fusion Electric Kettle Fu-1329,Home,63.47,116.04,246,29,8.48,Cold-Chain,77,19,8935.08,4887.1900000000005,4047.89,45.3,36,0.2272,98.5155,C,C - Low Value,15613.62,323,18057.22,0.271,1.1,0.856,287.4,4.529,3.183,12,17,0.703,24.1,-4.9,5.3,Over-Buffered,Observed,21,1.65,31.7,17.8,45.6,11.024000000000001,0.0,0.0,0.0,0.0,0.0,0,0,,OK,0,0.0,No action required
SKU-055,Lumen Car Cover Lu-1385,Automotive,111.5,153.94,658,128,5.14,Zone-A,56,16,8620.64,6244.0,2376.64,27.57,37,0.2192,98.7427,C,C - Low Value,73367.0,714,76489.0,0.082,0.33,0.622,1057.9,3.5,3.623,12,16,1.035,27.4,-100.6,7.8,Over-Buffered,Observed,21,1.65,24.5,8.7,40.3,114.938,0.0,0.0,0.0,0.0,0.0,0,0,,OK,0,0.0,No action required
SKU-052,Orion Car Battery Or-1364,Automotive,76.77,129.34,511,118,4.33,Zone-B,62,20,8019.080000000001,4759.740000000001,3259.34,40.64,38,0.2039,98.962,C,C - Low Value,39229.47,573,41609.34,0.114,0.46,0.689,741.7,3.444,3.218,12,18,0.934,24.3,-93.7,7.1,Over-Buffered,Observed,21,1.65,24.1,10.1,38.2,103.531,0.0,0.0,0.0,0.0,0.0,0,0,,OK,0,0.0,No action required
SKU-024,Aurora Raincoat Au-1168,Apparel,95.52,138.83,136,23,5.91,Zone-D,49,25,6802.669999999998,4680.48,2122.19,31.2,39,0.173,99.1659,C,C - Low Value,12990.72,185,15330.96,0.305,1.24,0.544,250.0,2.227,2.194,10,22,0.985,16.6,-6.4,7.5,Over-Buffered,Observed,21,1.65,15.6,6.0,25.2,11.575999999999999,0.0,0.0,0.0,0.0,0.0,0,0,,OK,0,0.0,No action required
SKU-058,Atlas LED Headlight Kit At-1406,Automotive,79.75,106.23,820,98,8.37,Zone-D,46,20,4886.579999999999,3668.5,1218.08,24.93,40,0.1243,99.3389,C,C - Low Value,65395.0,866,67229.25,0.055,0.22,0.511,1604.7,2.875,2.342,11,16,0.815,17.7,-80.3,6.2,Over-Buffered,Observed,21,1.65,20.1,9.9,30.3,87.269,0.0,0.0,0.0,0.0,0.0,0,0,,OK,0,0.0,No action required
SKU-015,Zenith Slim Jeans Ze-1105,Apparel,26.65,39.3,671,155,4.33,Zone-B,101,30,3969.3000000000006,2691.6500000000005,1277.65,32.19,41,0.101,99.4632,C,C - Low Value,17882.15,772,19227.97,0.14,0.57,1.122,598.0,4.04,3.447,13,25,0.853,26.1,-128.9,6.5,Over-Buffered,Observed,21,1.65,28.3,13.2,43.3,131.438,0.0,0.0,0.0,0.0,0.0,0,0,,OK,0,0.0,No action required
SKU-044,Terra Vacuum Flask Te-1308,Home,48.29,82.79,94,20,4.7,Zone-B,32,13,2649.2799999999997,1545.2799999999997,1104.0,41.67,42,0.0674,99.5642,C,C - Low Value,4539.26,126,5311.9,0.291,1.18,0.356,264.0,2.667,2.953,10,12,1.107,22.3,2.3,8.4,Aligned,Observed,21,1.65,18.7,5.8,31.6,12.524000000000001,0.0,0.0,0.0,0.0,0.0,0,0,,OK,0,0.0,No action required
SKU-031,Lumen Granola Box Lu-1217,Grocery,22.34,29.56,340,77,4.42,Cold-Chain,77,21,2276.1199999999994,1720.1799999999998,555.94,24.42,43,0.0579,99.6316,C,C - Low Value,7595.6,417,8455.69,0.203,0.82,0.856,397.2,3.85,3.038,10,20,0.789,23.0,-54.0,6.0,Over-Buffered,Observed,21,1.65,27.0,13.7,40.2,59.024,0.0,0.0,0.0,0.0,0.0,0,0,,OK,0,0.0,No action required
SKU-025,Vertex Basmati Rice Ve-1175,Grocery,19.89,26.03,83,10,8.3,Cold-Chain,82,26,2134.4600000000005,1630.9800000000005,503.48,23.59,44,0.0543,99.6894,C,C - Low Value,1650.87,165,2466.36,0.661,2.68,0.911,91.1,4.1,3.419,13,20,0.834,25.9,15.9,6.3,Under-Buffered,Observed,21,1.65,28.7,13.8,43.6,0.0,0.0,0.0,0.0,0.0,0.0,0,0,,OK,0,0.0,No action required
SKU-030,Prime Pasta Pr-1210,Grocery,19.24,23.63,106,23,4.61,Zone-B,62,24,1465.0600000000009,1192.8800000000003,272.18,18.58,45,0.0373,99.7437,C,C - Low Value,2039.44,168,2635.88,0.453,1.84,0.689,153.8,2.952,2.497,10,21,0.846,18.9,-4.1,6.4,Over-Buffered,Observed,21,1.65,20.7,9.8,31.6,8.531,0.0,0.0,0.0,0.0,0.0,0,0,,OK,0,0.0,No action required
SKU-034,Atlas Almonds At-1238,Grocery,14.87,17.08,813,120,6.78,Zone-A,84,21,1434.72,1249.0799999999997,185.64,12.94,46,0.0365,99.781,C,C - Low Value,12089.31,897,12713.85,0.098,0.4,0.933,871.4,4.2,2.857,8,20,0.68,21.6,-98.4,5.1,Over-Buffered,Observed,21,1.65,29.4,16.9,41.9,100.407,0.0,0.0,0.0,0.0,0.0,0,0,,OK,0,0.0,No action required
SKU-037,Vertex Floor Lamp Ve-1259,Home,10.86,22.61,284,47,6.04,Zone-D,63,14,1424.4299999999996,684.1800000000001,740.25,51.97,47,0.0362,99.8175,C,C - Low Value,3084.24,347,3426.33,0.2,0.81,0.7,405.7,4.846,5.489,20,13,1.133,41.5,-5.5,8.6,Over-Buffered,Observed,21,1.65,33.9,10.0,57.9,32.3,0.0,0.0,0.0,0.0,0.0,0,0,,OK,0,0.0,No action required
SKU-036,Aurora Mixed Spices Au-1252,Grocery,17.33,21.79,510,83,6.14,Zone-A,61,30,1329.1899999999998,1057.1300000000003,272.06,20.47,48,0.0338,99.8537,C,C - Low Value,8838.3,571,9366.86,0.113,0.46,0.678,752.2,2.179,1.794,10,28,0.823,13.6,-69.4,6.2,Over-Buffered,Observed,21,1.65,15.3,7.4,23.1,68.762,0.0,0.0,0.0,0.0,0.0,0,0,,OK,0,0.0,No action required
SKU-026,Nimbus Wheat Flour Ni-1182,Grocery,9.59,10.96,317,58,5.47,Zone-C,115,36,1260.4000000000005,1102.85,157.55,12.5,49,0.0321,99.8875,C,C - Low Value,3040.03,432,3591.46,0.307,1.25,1.278,248.0,4.107,4.459,22,28,1.086,33.7,-24.3,8.2,Over-Buffered,Observed,21,1.65,28.7,9.3,48.2,31.162,0.0,0.0,0.0,0.0,0.0,0,0,,OK,0,0.0,No action required
SKU-033,Quantum Dark Chocolate Qu-1231,Grocery,9.99,13.46,853,112,7.62,Zone-C,65,17,874.9000000000001,649.3500000000001,225.55,25.78,50,0.0223,99.9196,C,C - Low Value,8521.47,918,8846.14,0.073,0.3,0.722,1181.4,4.063,3.561,13,16,0.876,26.9,-85.1,6.6,Over-Buffered,Observed,21,1.65,28.4,12.9,44.0,96.838,0.0,0.0,0.0,0.0,0.0,0,0,,OK,0,0.0,No action required
SKU-027,Zenith Olive Oil Ze-1189,Grocery,15.72,17.73,897,114,7.87,Zone-B,33,15,585.09,518.76,66.33,11.34,51,0.0149,99.9418,C,C - Low Value,14100.84,930,14360.22,0.036,0.15,0.367,2444.1,2.538,1.906,6,13,0.751,14.4,-99.6,5.7,Over-Buffered,Observed,21,1.65,17.8,9.4,26.1,106.293,0.0,0.0,0.0,0.0,0.0,0,0,,OK,0,0.0,No action required
SKU-035,Fusion Peanut Butter Fu-1245,Grocery,10.81,12.18,147,28,5.25,Zone-C,44,15,535.9200000000001,475.64000000000004,60.28,11.25,52,0.0136,99.9567,C,C - Low Value,1589.07,191,1826.89,0.26,1.05,0.489,300.6,3.143,3.378,13,14,1.075,25.5,-2.5,8.1,Over-Buffered,Observed,21,1.65,22.0,7.3,36.7,17.731,0.0,0.0,0.0,0.0,0.0,0,0,,OK,0,0.0,No action required
SKU-032,Terra Wild Honey Te-1224,Grocery,4.98,6.16,794,112,7.09,Cold-Chain,71,24,437.36000000000007,353.58,83.78,19.16,53,0.0111,99.9703,C,C - Low Value,3954.12,865,4130.91,0.086,0.35,0.789,1006.3,3.55,3.138,12,20,0.884,23.7,-88.3,6.7,Over-Buffered,Observed,21,1.65,24.8,11.2,38.5,95.431,0.0,0.0,0.0,0.0,0.0,0,0,,OK,0,0.0,No action required
SKU-028,Orion Coffee Beans Or-1196,Grocery,5.3,6.03,440,61,7.21,Zone-C,67,20,404.0099999999998,355.1,48.91,12.11,54,0.0103,99.9815,C,C - Low Value,2332.0,507,2509.55,0.141,0.57,0.744,591.4,3.941,2.754,10,17,0.699,20.8,-40.2,5.3,Over-Buffered,Observed,21,1.65,27.6,15.6,39.6,45.376,0.0,0.0,0.0,0.0,0.0,0,0,,OK,0,0.0,No action required
SKU-029,Cascade Green Tea Ca-1203,Grocery,4.55,6.02,403,73,5.52,Zone-C,54,18,325.0799999999999,245.70000000000005,79.38,24.42,55,0.0083,99.9917,C,C - Low Value,1833.65,457,1956.5,0.126,0.51,0.6,671.7,3.6,2.444,8,15,0.679,18.5,-54.5,5.1,Over-Buffered,Observed,21,1.65,25.2,14.5,35.9,60.4,0.0,0.0,0.0,0.0,0.0,0,0,,OK,0,0.0,No action required
